test_size,train_n,test_n,nComponents,reconError
0.1,996.0,111.0,201.0,0.7227523174993513
0.2,885.0,222.0,193.0,0.7505205741460376
0.3,774.0,333.0,184.0,0.7737202079476151
0.4,664.0,443.0,173.0,0.8165535521985183
